<?xml version="1.0" encoding="UTF-8"?>
<beans xmlns="http://www.springframework.org/schema/beans"
       xmlns:context="http://www.springframework.org/schema/context" xmlns:p="http://www.springframework.org/schema/p"
       xmlns:aop="http://www.springframework.org/schema/aop" xmlns:tx="http://www.springframework.org/schema/tx"
       xmlns:xsi="http://www.w3.org/2001/XMLSchema-instance"
       xsi:schemaLocation="http://www.springframework.org/schema/beans http://www.springframework.org/schema/beans/spring-beans-4.0.xsd
	http://www.springframework.org/schema/context http://www.springframework.org/schema/context/spring-context-4.0.xsd
	http://www.springframework.org/schema/aop http://www.springframework.org/schema/aop/spring-aop-4.0.xsd http://www.springframework.org/schema/tx http://www.springframework.org/schema/tx/spring-tx-4.0.xsd
	http://www.springframework.org/schema/util http://www.springframework.org/schema/util/spring-util-4.0.xsd">

    <!-- 配置 读取properties文件 jdbc.properties -->
    <context:property-placeholder location="classpath:jdbc.properties" />
    <!-- 配置扫描@Service注解 -->
    <!--扫描指定的包-->
    <context:component-scan base-package="com.web.service"/>

    <!-- 配置 数据源 -->
    <bean id="dataSourceA" class="com.alibaba.druid.pool.DruidDataSource">
        <property name="driverClassName" value="${jdbc.driver}" />
        <property name="url" value="${jdbc.url}" />
        <property name="username" value="${jdbc.username}" />
        <property name="password" value="${jdbc.password}" />
    </bean>
    <!-- 配置 数据源 -->
    <bean id="dataSourceB" class="com.alibaba.druid.pool.DruidDataSource">
        <property name="driverClassName" value="${jdbc.jwjx.driver}" />
        <property name="url" value="${jdbc.jwjx.url}" />
        <property name="username" value="${jdbc.jwjx.username}" />
        <property name="password" value="${jdbc.jwjx.password}" />
    </bean>

   <!-- 配置SqlSessionFactory -->
    <!-- 配置数据库切换 -->



    <bean id="dataSource" class="com.web.utils.database.DynamicDataSource">
        <property name ="targetDataSources">
            <map key-type ="java.lang.String">
                <entry value-ref ="dataSourceA" key="dataSourceA"></entry>
                <entry value-ref ="dataSourceB" key="dataSourceB"></entry>
            </map >
        </property >
        <property name ="defaultTargetDataSource" ref= "dataSourceA"></property >      <!-- 默认使用zjzb_qc1的数据源 -->
    </bean>
    <!-- 配置druid监控spring jdbc -->
    <bean id="druid-stat-interceptor"
          class="com.alibaba.druid.support.spring.stat.DruidStatInterceptor">
    </bean>

    <!-- spring和MyBatis完美整合，不需要mybatis的配置映射文件 -->
    <!--<bean id="sqlSessionFactory" class="org.mybatis.spring.SqlSessionFactoryBean">-->
        <!--<property name="dataSource" ref="dataSource" />-->
        <!--&lt;!&ndash; 自动扫描mapping.xml文件 &ndash;&gt;-->
        <!--<property name="mapperLocations" value="classpath:com/web/mapper/*.xml"></property>-->
    <!--</bean>-->


    <bean   id="sqlSessionFactory" class="org.mybatis.spring.SqlSessionFactoryBean">
        <!-- 注入数据库连接池 -->
        <property name="dataSource" ref="dataSource"/>
        <!-- 扫描model包 使用别名 -->
        <property name="typeAliasesPackage" value="com.web.model"/>
        <!-- 扫描sql配置文件:mapper需要的xml文件 -->
        <property name="mapperLocations" value="classpath*:com/web/mapper/*.xml"/>
    </bean>

    <!-- 接口开发,扫描mapper包 ，写在此包下的接口即可被扫描到 -->
    <!--1.需要将xml文件和dao接口文件放在同一个package下,而且文件名要一致-->
    <!--2.xml文件的namespace和接口的类路径相同-->
    <!-- 配置Mapper扫描 -->
    <bean class="org.mybatis.spring.mapper.MapperScannerConfigurer">
        <!-- 设置Mapper扫描包 -->
        <property name="basePackage" value="com.web.mapper" />
        <!-- 扫描model包 使用别名 -->
        <property name="sqlSessionFactoryBeanName" value="sqlSessionFactory"></property>
    </bean>



    <bean id="transactionManager"
          class="org.springframework.jdbc.datasource.DataSourceTransactionManager">
        <property name="dataSource" ref="dataSource" />
    </bean>


    <!-- 配置事务通知属性 -->
    <tx:advice id="txAdvice" transaction-manager="transactionManager">
        <tx:attributes>
            <tx:method name="remove*" propagation="REQUIRED" read-only="false"
                       rollback-for="java.lang.Exception" />
            <tx:method name="delete*" propagation="REQUIRED" read-only="false"
                       rollback-for="java.lang.Exception" />
            <tx:method name="add*" propagation="REQUIRED" read-only="false"
            />
            <tx:method name="insert*" propagation="REQUIRED" read-only="false"
                       rollback-for="java.lang.Exception" />
            <tx:method name="save*" propagation="REQUIRED" read-only="false"
                       rollback-for="java.lang.Exception" />
            <tx:method name="update*" propagation="REQUIRED" read-only="false"
                       rollback-for="java.lang.Exception" />
            <tx:method name="publish*" propagation="REQUIRED"
                       read-only="false" rollback-for="java.lang.Exception" />
            <tx:method name="get*" propagation="SUPPORTS" read-only="true" />
            <tx:method name="list*" propagation="SUPPORTS" read-only="true" />
            <tx:method name="query*" propagation="SUPPORTS" read-only="true" />
            <tx:method name="find*" propagation="SUPPORTS" read-only="true" />
            <tx:method name="load*" propagation="SUPPORTS" read-only="true" />
            <tx:method name="validate*" propagation="SUPPORTS"
                       read-only="true" />
        </tx:attributes>
    </tx:advice>

    <tx:annotation-driven transaction-manager="transactionManager" />
    <!-- 配置事务切面 -->
    <aop:config>
        <aop:pointcut id="txPointcut" expression="execution(* com.web.service.*.*(..))" />
        <aop:advisor advice-ref="txAdvice" pointcut-ref="txPointcut" />
    </aop:config>





</beans>